is_esl,is_efl,is_esl_or_efl,ENL,ESL,EFL,Speaker,Team,Team Points,Speaker Points,AVG,#1,#2,#3,#4,#5,#6,#7,#8,#9
0,0,0,1,,,Raffy Marshall,Oxford A,21,753,83.7,81,84,83,81,85,83,85,86,85
0,0,0,2,,,Tommy Peto,Oxford B,22,750,83.3,83,82,82,83,79,84,86,83,88
0,0,0,3,,,Teck Wei Tan,Oxford C,21,749,83.2,81,78,83,88,87,81,82,84,85
0,0,0,4,,,Evie Woodforde,USU B,20,748,83.1,84,88,80,80,83,82,86,83,82
0,0,0,4,,,Mifzal Mohammed,UT MARA A,22,748,83.1,85,81,83,85,84,84,81,79,86
0,0,0,6,,,Evan Lynyak,Yale A,20,746,82.9,83,85,83,84,81,84,79,82,85
0,0,0,7,,,Rory Flynn,Durham A,20,745,82.8,86,82,82,82,82,85,80,82,84
0,0,0,7,,,Dhruva Bhat,Harvard A,21,745,82.8,83,81,82,85,84,84,87,78,81
0,0,0,9,,,Jasmine Abdullah,UT MARA A,22,744,82.7,83,80,81,85,85,83,81,81,85
0,0,0,9,,,John Papantoniou,Cambridge A,21,744,82.7,81,83,84,84,84,82,83,80,83
0,0,0,11,,,Debi Ogunrinde,Oxford C,21,743,82.6,83,78,81,84,87,81,82,83,84
0,0,0,11,,,James Leeder,USU A,19,743,82.6,80,82,84,83,83,82,80,86,83
0,0,0,11,,,Toby Tricks,Oxford B,22,743,82.6,83,83,81,83,78,83,83,84,85
0,0,0,11,,,Aislin Flynn,Hart House A,20,743,82.6,86,82,79,85,84,79,83,82,83
0,0,0,11,,,Sophie Large,Oxford A,21,743,82.6,82,82,83,80,84,80,83,85,84
0,0,0,16,,,Archie Hall,Harvard C,19,742,82.4,81,81,81,83,87,82,82,83,82
0,0,0,16,,,Danny DeBois,Harvard A,21,742,82.4,82,80,81,83,84,84,86,79,83
0,0,0,16,,,Alexandra Sundarsingh,Hart House A,20,742,82.4,85,83,80,85,83,79,82,83,82
0,0,0,19,,,Alex Wu,Harvard C,19,741,82.3,82,82,81,83,86,81,82,82,82
0,0,0,20,,,James Rankin,AKL A,22,740,82.2,80,82,82,83,81,83,77,85,87
0,0,0,20,,,James Penn,AKL A,22,740,82.2,81,81,82,82,83,83,77,84,87
0,0,0,22,,,Emma Johnstone,USU A,19,739,82.1,78,83,83,82,83,83,79,84,84
0,0,0,23,,,Kez Exley,Durham A,20,738,82,87,83,81,82,80,84,79,80,82
0,0,0,24,,,Henry Zhang,Yale A,20,735,81.7,82,84,83,82,80,81,79,82,82
0,0,0,25,,,George Clay,Cambridge B,20,734,81.6,79,80,81,83,79,81,85,83,83
0,0,0,25,,,Owen Mooney,GUU A,20,734,81.6,80,82,78,81,81,83,83,84,82
0,0,0,25,,,Katherine Dunbar,Cambridge D,18,734,81.6,79,85,84,80,82,82,82,82,78
0,0,0,28,,,Kit Mercer,Cambridge A,21,733,81.4,80,79,85,82,81,81,81,79,85
1,0,1,28,1,,Ameera Natasha Moore,IIUM A,19,733,81.4,77,80,84,78,82,84,84,80,84
0,0,0,28,,,Tim Asimakis,USU B,20,733,81.4,83,84,80,79,82,80,84,81,80
1,0,1,31,2,,Sara Abdul Rahim,IIUM B,19,732,81.3,77,81,78,80,84,84,84,83,81
0,0,0,31,,,Zoe Seaman-Grant,Bates A,19,732,81.3,83,80,81,78,83,85,78,81,83
1,0,1,33,3,,Mubarrat Wassey,IIUM A,19,731,81.2,78,77,84,78,83,84,83,80,84
0,0,0,34,,,Andrew Elder,MAD A,18,730,81.1,80,81,81,81,79,83,82,83,80
0,0,0,34,,,Aodhan Peelo,UCD LawSoc A,19,730,81.1,81,78,78,81,83,82,81,83,83
0,0,0,34,,,Bethany Garry,GUU A,20,730,81.1,82,78,77,80,81,83,83,82,84
0,0,0,37,,,Matt Davis,Bates A,19,729,81,81,80,79,78,83,84,79,82,83
0,0,0,37,,,James Stratton,USU C,19,729,81,77,79,78,84,80,84,80,83,84
0,0,0,37,,,Stephanie White,USU D,18,729,81,84,83,79,79,82,80,79,82,81
0,0,0,37,,,Etsuko Lim,Cambridge B,20,729,81,79,79,81,81,79,81,84,83,82
0,0,0,37,,,Matt Hazell,Cambridge D,18,729,81,80,85,83,79,82,82,80,80,78
1,0,1,42,4,,Dan Lahav,Tel Aviv A,20,728,80.9,78,80,74,80,81,85,85,80,85
0,0,0,42,,,David Slater,Stanford B,17,728,80.9,78,76,81,84,80,81,83,83,82
0,0,0,42,,,Michael Rees,USU E,18,728,80.9,80,77,81,82,79,83,84,84,78
0,0,0,45,,,Isha Jain,NLSIU A,17,727,80.8,78,83,83,80,79,81,82,83,78
0,0,0,45,,,Emma Boogeardt,UWADU A,19,727,80.8,79,77,79,81,83,82,84,83,79
0,0,0,45,,,Marina Tan,Yale D,17,727,80.8,78,81,80,84,79,77,80,86,82
0,0,0,45,,,Daniel Kirkby,UWADU A,19,727,80.8,78,80,78,79,83,80,85,83,81
0,0,0,49,,,Vanshaj Jain,NLSIU A,17,726,80.7,78,81,84,80,79,82,80,84,78
0,0,0,50,,,Zhen Huang,Yale B,18,725,80.6,81,76,79,83,80,78,84,84,80
0,0,0,50,,,Nicholas Salmon,UQDS C,19,725,80.6,78,79,79,82,80,82,77,86,82
0,0,0,50,,,Sadie MacDonald,UQDS B,18,725,80.6,81,80,83,80,77,78,84,85,77
0,0,0,50,,,Lucy Lester,USU F,18,725,80.6,79,78,78,83,79,75,84,83,86
0,0,0,50,,,Thomas Goldie,ANU A,17,725,80.6,78,81,77,79,84,82,80,81,83
0,0,0,50,,,Aaron Luke,LSE B,18,725,80.6,84,79,81,81,80,77,82,82,79
0,0,0,50,,,Elana Leone,Stanford B,17,725,80.6,77,77,82,85,80,81,80,83,80
0,0,0,57,,,Venu Katta,TCWM A,15,724,80.4,80,81,77,83,77,85,82,84,75
0,0,0,57,,,Imogen Harper,USU C,19,724,80.4,78,79,77,83,79,85,78,83,82
0,0,0,57,,,Alexandra Downie,USU E,18,724,80.4,81,77,80,82,78,81,83,83,79
0,0,0,57,,,Josh Spiegel,NEU A,16,724,80.4,82,80,84,80,77,80,77,80,84
0,0,0,57,,,Brynne Guthrie,LSE A,17,724,80.4,81,80,82,81,82,79,78,78,83
1,0,1,57,5,,Floris Holstege,LEIDEN C,17,724,80.4,78,82,84,79,79,82,79,79,82
0,0,0,57,,,Thomas Parnell,UQDS B,18,724,80.4,80,79,84,79,76,79,84,84,79
1,1,1,64,6,1,Ognjen Miladinović,Belgrade B,16,723,80.3,82,79,82,80,83,80,78,77,82
0,0,0,64,,,Sam Molloy,USU F,18,723,80.3,80,79,78,83,76,75,85,81,86
0,0,0,64,,,Harry Elliott,Stanford A,18,723,80.3,80,77,81,78,79,79,82,83,84
0,0,0,64,,,Antonia Bellas,UQDS C,19,723,80.3,79,77,79,83,81,81,78,84,81
0,0,0,68,,,Clyde Welsh,USU D,18,722,80.2,82,81,78,77,83,79,79,82,81
0,0,0,68,,,Justin Katz,Yale B,18,722,80.2,80,76,80,81,80,77,82,85,81
1,0,1,68,7,,Syarif Fakhri,IIUM B,19,722,80.2,77,80,77,79,82,83,84,80,80
0,0,0,68,,,Julia Milden,QDU A,18,722,80.2,75,78,81,81,83,81,83,80,80
0,0,0,68,,,Hamish Barker,LSE B,18,722,80.2,82,78,82,83,79,77,81,80,80
0,0,0,68,,,Jane Carroll,Melbourne A,20,722,80.2,78,80,80,77,80,78,81,86,82
0,0,0,68,,,Zoe Brown,Melbourne A,20,722,80.2,77,80,80,78,78,80,80,88,81
0,0,0,68,,,Nicholas Quah,Brown A,18,722,80.2,78,81,83,81,82,78,77,81,81
0,0,0,68,,,Katrina Chan,Ateneo A,18,722,80.2,82,78,81,77,79,83,79,80,83
0,0,0,68,,,R. Cara Riantoputra,Indonesia C,17,722,80.2,78,82,80,84,80,80,77,82,79
0,0,0,78,,,Jerusalem Demsas,TCWM A,15,721,80.1,81,82,78,80,76,85,79,84,76
0,0,0,78,,,Darion Hotan,KCL A,16,721,80.1,76,84,77,83,74,82,86,80,79
0,0,0,78,,,Andrei Kristian Buendia,Ateneo A,18,721,80.1,83,77,80,78,79,82,79,80,83
1,0,1,78,8,,Alif Azadi Taufik,Indonesia C,17,721,80.1,77,83,81,83,81,80,79,80,77
0,0,0,78,,,Surya Kumaravel,UCL B,17,721,80.1,78,81,82,82,76,82,80,81,79
1,0,1,83,9,,Roel Becker,LEIDEN B,17,720,80,79,80,76,82,83,77,79,83,81
0,0,0,83,,,Alexandra Johnson,Penn A,18,720,80,80,76,80,78,78,83,83,80,82
0,0,0,83,,,Hannah Tyndall,LSE A,17,720,80,82,81,80,80,80,80,78,77,82
1,0,1,83,9,,Devin Van den berg,LEIDEN B,17,720,80,77,81,78,81,83,77,77,83,83
0,0,0,87,,,Joonpyo Sohn,Brown A,18,719,79.9,76,80,82,80,80,79,78,82,82
0,0,0,87,,,Bostan Nurlanov,ANU A,17,719,79.9,78,81,78,80,82,80,80,80,80
0,0,0,87,,,Isabella Olson,Vermont B,17,719,79.9,81,81,80,84,75,77,82,83,76
0,0,0,87,,,Ankur Biswas,Cornell B,17,719,79.9,78,79,79,79,84,78,79,81,82
0,0,0,87,,,Molly Dale,MAD A,18,719,79.9,76,79,81,80,80,82,80,82,79
0,0,0,87,,,Patrick Holland,Swarthmore B,14,719,79.9,77,77,83,79,81,78,84,83,77
1,0,1,87,11,,Lisa Schallenberg,LEIDEN C,17,719,79.9,77,81,82,79,79,83,77,80,81
0,0,0,94,,,Sophie Scharlin-Pettee,Vermont B,17,718,79.8,80,80,79,83,76,78,82,83,77
0,0,0,94,,,Alessandra Chinsen,Melbourne B,16,718,79.8,79,83,77,77,81,84,79,81,77
0,0,0,94,,,Catherine Zheng,Harvard B,17,718,79.8,80,79,78,79,84,80,82,80,76
0,0,0,94,,,Nicole Liu,UCL B,17,718,79.8,79,80,83,83,74,82,80,79,78
0,0,0,94,,,Miriam Pierson,Swarthmore A,16,718,79.8,77,81,82,80,80,78,80,79,81
0,0,0,94,,,Nathan Raab,Princeton A,16,718,79.8,77,79,82,79,81,78,81,82,79
0,0,0,94,,,Lauren Ringrose,QUTDS A,18,718,79.8,75,80,78,78,81,81,80,82,83
0,0,0,94,,,Rishabh Tagore,Penn A,18,718,79.8,79,75,82,79,77,78,83,80,85
0,0,0,102,,,Liam Dennis,VUW A,17,717,79.7,76,74,81,80,81,83,78,84,80
1,0,1,102,12,,Đorđe Jovićević,Belgrade A,17,717,79.7,81,77,77,79,75,80,84,85,79
0,0,0,102,,,Adam Stairs,UCD LawSoc A,19,717,79.7,79,79,78,79,81,80,80,81,80
1,0,1,102,12,,Janko Djordjevic,Belgrade B,16,717,79.7,81,78,80,81,80,80,78,76,83
0,0,0,102,,,Maddy Nash,VUW A,17,717,79.7,76,74,79,81,83,83,78,83,80
0,0,0,102,,,Bobbi Leet,Stanford A,18,717,79.7,81,78,79,77,78,81,81,81,81
1,0,1,102,12,,Sissi Li Zhou,NEU A,16,717,79.7,81,79,79,80,75,81,80,79,83
0,0,0,109,,,Cian Luddy,UCC Phil A,15,716,79.6,80,85,79,76,77,79,81,78,81
0,0,0,109,,,Sinan Ozbay,Princeton A,16,716,79.6,78,78,81,78,81,77,82,81,80
0,0,0,109,,,Nishith Hegde,Edinburgh A,15,716,79.6,80,82,80,77,83,78,76,76,84
0,0,0,109,,,Tim Luciano,Brandeis A,18,716,79.6,75,77,76,82,79,82,83,81,81
0,0,0,109,,,Camara Hudson,Vermont A,16,716,79.6,80,78,79,76,79,81,82,82,79
0,0,0,109,,,Amanda Chen,Harvard B,17,716,79.6,80,79,78,78,84,78,82,80,77
0,0,0,109,,,Laura Purcell,UT Sydney A,15,716,79.6,79,76,76,80,83,82,79,84,77
0,0,0,109,,,Bailey Reid,KCL A,16,716,79.6,75,83,75,83,75,83,85,79,78
0,0,0,109,,,Andrew Bowles,GWU A,17,716,79.6,82,78,82,80,80,76,81,79,78
0,0,0,109,,,Sebastian Rees,Oxford D,17,716,79.6,77,80,80,80,82,79,79,79,80
1,0,1,109,15,,Tom Manor,Tel Aviv B,17,716,79.6,81,82,79,80,79,76,73,85,81
0,0,0,120,,,Miriam Kohn,URDU A,16,715,79.4,80,76,78,79,82,82,76,80,82
0,0,0,120,,,Ryan O'Rourke,UT Sydney A,15,715,79.4,80,77,77,79,82,82,81,80,77
0,0,0,120,,,Benjamin Anderson,Stanford D,13,715,79.4,79,77,78,82,77,81,81,82,78
0,0,0,120,,,Karan Bhuwalka,IITB A,18,715,79.4,75,79,79,81,78,76,82,83,82
0,0,0,120,,,Sterling Higa,Hawaii A,16,715,79.4,75,74,79,83,82,81,85,78,78
0,0,0,120,,,Pragya Malik,Princeton C,18,715,79.4,77,80,80,80,81,77,82,80,78
0,0,0,120,,,Rubin Danberg-Biggs,Cornell B,17,715,79.4,80,78,79,79,83,77,77,79,83
0,0,0,127,,,Brynde Kreft,UCT A,17,714,79.3,81,78,81,82,82,77,77,79,77
0,0,0,127,,,Mitchell Dorbyk,QDU B,17,714,79.3,76,79,76,78,80,80,81,81,83
0,0,0,127,,,Xavier Sottile,Yale D,17,714,79.3,77,79,80,83,77,77,79,84,78
0,0,0,127,,,Matt Donaghy,Swarthmore B,14,714,79.3,78,77,83,79,79,77,83,81,77
1,0,1,127,16,,Ayal Hayut man,Tel Aviv A,20,714,79.3,76,78,75,80,80,83,83,76,83
0,0,0,132,,,Danny Jaffe,Brandeis A,18,713,79.2,75,79,77,81,79,80,83,78,81
0,0,0,132,,,Lucas Li,NUS A,15,713,79.2,78,84,79,81,77,73,82,82,77
0,0,0,132,,,David Wang,GWU A,17,713,79.2,82,78,83,78,78,76,83,77,78
0,0,0,132,,,Tara Bansal,Duke A,19,713,79.2,78,80,76,73,79,81,78,86,82
0,0,0,132,,,Alasdair Donovan,Cambridge C,17,713,79.2,81,80,79,75,79,81,77,83,78
0,0,0,137,,,Lloyd Lyall,Stanford D,13,712,79.1,77,78,78,81,79,79,82,81,77
1,0,1,137,17,,Tal Mendelson,HUJI A,17,712,79.1,74,78,80,78,80,76,79,85,82
0,0,0,137,,,Ryan Tarte,Vermont A,16,712,79.1,79,76,79,77,79,80,82,81,79
0,0,0,140,,,Sarah Bostock,Melbourne B,16,711,79,80,83,76,77,80,83,78,80,74
0,0,0,140,,,Drew Latimer,TDS A,16,711,79,79,78,78,81,78,78,78,78,83
0,0,0,140,,,Lydia Day,Cambridge C,17,711,79,80,79,77,78,76,82,79,82,78
0,0,0,140,,,Katie McLean,Edinburgh A,15,711,79,78,80,79,77,83,77,76,77,84
0,0,0,140,,,William Berthelot,UNSW A,15,711,79,77,81,77,77,79,84,80,79,77
0,0,0,140,,,Dan Stoyell,Cornell A,13,711,79,83,78,82,77,80,76,79,78,78
0,0,0,140,,,Harry Zhang,Hopkins A,16,711,79,80,76,80,78,80,78,82,81,76
0,0,0,140,,,Eric Ramoutar,Duke A,19,711,79,77,81,73,74,79,79,79,87,82
0,0,0,148,,,Emily Williams,Otago A,14,710,78.9,77,81,78,80,76,81,78,81,78
0,0,0,148,,,Alice Sowry,Otago A,14,710,78.9,78,82,76,79,78,83,76,80,78
0,0,0,148,,,Amelia Kearney,MAD B,13,710,78.9,80,79,78,81,77,78,78,80,79
0,0,0,148,,,Luke Rickmond,QUTDS A,18,710,78.9,74,79,78,77,79,80,81,80,82
0,0,0,148,,,Kuan Hian Tan,Hopkins A,16,710,78.9,79,75,81,78,80,79,81,81,76
0,0,0,148,,,Shaheed Brooks,Morehouse B,14,710,78.9,80,76,75,82,80,81,76,83,77
0,0,0,148,,,Sam Erickson,Alaska A,17,710,78.9,79,78,75,77,78,83,81,80,79
0,0,0,148,,,William Maidment,QDU A,18,710,78.9,74,78,80,79,80,79,80,80,80
0,0,0,148,,,Méabh McMahon,UCC Phil A,15,710,78.9,80,83,78,77,78,77,80,77,80
1,1,1,157,18,2,Jelisaveta Stanisic,PEP A,16,709,78.8,77,79,82,77,76,77,79,83,79
0,0,0,157,,,Jaewon Kim,Princeton C,18,709,78.8,76,79,78,77,80,76,83,81,79
0,0,0,157,,,Cassandra Cervi,UWODS A,17,709,78.8,76,77,79,80,76,80,83,79,79
0,0,0,157,,,Ksenia Podvoiskaia,QDU B,17,709,78.8,75,77,77,77,80,80,80,80,83
0,0,0,157,,,Arlo Alexander Meylan,UNSW B,15,709,78.8,81,78,79,82,78,80,76,79,76
0,0,0,157,,,John Hajek,Melbourne C,17,709,78.8,77,77,78,77,80,78,80,79,83
0,0,0,163,,,Emily Phillimore,UWADU B,14,708,78.7,81,80,79,77,80,78,79,78,76
0,0,0,163,,,Tamara Jenkin,VUW B,14,708,78.7,81,80,80,79,77,73,74,79,85
0,0,0,163,,,Tessa Holtzman,Bates B,14,708,78.7,78,79,77,82,79,82,81,78,72
0,0,0,163,,,Alexander Beaumont,McGill A,17,708,78.7,76,80,80,78,74,77,81,79,83
0,0,0,163,,,Mishal Ashraf,McGill B,15,708,78.7,76,83,77,82,77,77,77,79,80
0,0,0,163,,,Megan Wilson,Yale C,15,708,78.7,80,78,76,78,76,81,79,82,78
0,0,0,163,,,Rebecca Blair,Cornell A,13,708,78.7,79,78,83,77,81,77,78,79,76
0,0,0,163,,,Aidan Patrick,UCL A,17,708,78.7,80,75,78,78,79,78,81,81,78
0,0,0,163,,,Nicholas Carverhill,YNC A,15,708,78.7,80,78,78,78,75,80,84,77,78
0,0,0,163,,,Ajinkya Deshpande,IITB A,18,708,78.7,74,79,80,82,74,76,78,82,83
1,0,1,163,19,,Ilija Ivanišević,Belgrade A,17,708,78.7,81,76,75,79,75,79,82,83,78
0,0,0,174,,,Fionn Adamian,McGill C,15,707,78.6,78,79,79,79,73,75,80,81,83
0,0,0,174,,,Elle Wilson,Stanford E,15,707,78.6,80,76,76,83,79,75,76,80,82
0,0,0,174,,,Giraldine Duff,Hawaii A,16,707,78.6,76,75,77,82,80,81,84,75,77
0,0,0,174,,,Richard Ngo,Oxford D,17,707,78.6,77,80,78,79,80,78,78,78,79
0,0,0,174,,,Mattea Roach,Hart House C,14,707,78.6,77,79,76,81,78,79,80,79,78
0,0,0,174,,,Jacob Rock,MQU A,15,707,78.6,78,81,79,75,80,77,80,79,78
0,0,0,174,,,Taha Masud,DRUMS A,16,707,78.6,77,77,84,79,82,76,76,79,77
0,0,0,174,,,Matthew Creese,BPP A,16,707,78.6,76,80,81,81,77,74,81,78,79
0,0,0,174,,,Matthieu Ostrander,Alaska B,16,707,78.6,77,77,78,80,78,81,78,82,76
1,1,1,174,20,3,Miloš Marjanović,Belgrade C,14,707,78.6,78,82,80,78,76,76,77,84,76
1,0,1,174,20,,Noam Dahan,Tel Aviv B,17,707,78.6,80,84,78,77,78,74,72,85,79
0,0,0,174,,,Usman Tanveer Malik,DRUMS A,16,707,78.6,77,78,83,78,82,77,77,79,76
0,0,0,174,,,Chris Perkins,URDU A,16,707,78.6,76,76,78,78,83,79,78,78,81
0,0,0,174,,,Simonas Bartulis,YNC A,15,707,78.6,79,78,80,77,77,80,82,77,77
0,0,0,188,,,Jackie Li,Stanford E,15,706,78.4,79,75,76,84,80,76,74,80,82
0,0,0,188,,,Sarah Millman,Hart House B,15,706,78.4,80,80,75,77,76,81,76,81,80
0,0,0,188,,,Daniel Huang,McGill B,15,706,78.4,80,84,77,81,76,76,77,78,77
1,0,1,188,22,,Emma Lucas,LEIDEN A,18,706,78.4,80,77,79,80,76,80,76,79,79
0,0,0,188,,,Phillip Gracen,UQDS A,16,706,78.4,80,75,77,81,77,79,79,78,80
0,0,0,188,,,Allen Gu,UCL A,17,706,78.4,78,78,78,76,79,77,82,82,76
0,0,0,188,,,Liam Tomlinson,MAD C,15,706,78.4,76,77,78,78,80,78,78,84,77
0,0,0,188,,,Amy Gilbertson,MAD B,13,706,78.4,79,79,79,80,77,76,78,80,78
0,0,0,188,,,Nathan Chalk,BPP A,16,706,78.4,76,81,80,80,78,75,79,77,80
0,0,0,188,,,Niamh Egleston,TCD Phil B,15,706,78.4,80,78,76,80,80,80,79,76,77
1,0,1,188,22,,Sadaf MD Halim,IUT A,16,706,78.4,79,76,79,78,80,76,79,82,77
1,0,1,188,22,,Syed Razee,IUT A,16,706,78.4,79,76,78,77,81,76,80,83,76
1,0,1,200,25,,Ahmed Naufal,IIUM C,15,705,78.3,79,80,73,76,75,80,80,81,81
0,0,0,200,,,James Wink,UCT A,17,705,78.3,78,77,81,81,80,78,77,78,75
0,0,0,200,,,Bennett Saltzman,Bates C,16,705,78.3,77,77,76,80,78,79,79,80,79
0,0,0,200,,,Christopher Skliros,Melbourne C,17,705,78.3,75,77,77,76,80,79,80,81,80
0,0,0,200,,,Ryan Howson,UWODS A,17,705,78.3,75,78,78,80,77,79,82,78,78
0,0,0,200,,,Will Meyer,Swarthmore A,16,705,78.3,75,79,80,81,81,77,78,77,77
0,0,0,206,,,Georgia Chahoud,MQU A,15,704,78.2,78,79,78,76,79,78,80,80,76
0,0,0,206,,,Andrew Manton-Hall,UNSW B,15,704,78.2,81,78,79,80,77,79,76,80,74
1,0,1,206,26,,Shitab Daiyan Akash,IIUM C,15,704,78.2,79,79,72,76,77,80,78,82,81
0,0,0,206,,,Bharath Srivatsan,Princeton B,16,704,78.2,76,78,79,78,75,80,79,81,78
1,0,1,206,26,,Alon van Dam,RRIS A,15,704,78.2,77,81,76,78,75,79,78,81,79
1,0,1,206,26,,Calin Muresanu,BBU A,17,704,78.2,75,80,77,76,77,76,79,81,83
0,0,0,206,,,Abhisheka Dubey,NTU A,15,704,78.2,80,79,76,76,76,82,79,81,75
0,0,0,213,,,Lorna Staines,TCD Hist A,15,703,78.1,78,77,77,78,74,80,81,80,78
0,0,0,213,,,Jonah Goldberg,Brown B,14,703,78.1,76,76,76,83,77,81,77,80,77
0,0,0,213,,,Nathaniel Carlsen,Bard A,13,703,78.1,76,80,78,82,77,78,76,77,79
0,0,0,213,,,Jacob Shercliffe,Alaska B,16,703,78.1,76,77,77,79,77,82,79,80,76
0,0,0,213,,,Sarah Elton,Alaska A,17,703,78.1,78,77,74,76,78,82,80,78,80
0,0,0,213,,,Jainah J,UT MARA B,13,703,78.1,81,80,78,75,79,78,78,73,81
0,0,0,213,,,Adela Lilollari Adela Lilollari,Yale C,15,703,78.1,79,78,77,76,76,80,78,81,78
0,0,0,213,,,Quito Tsui,Stanford C,16,703,78.1,78,75,80,80,74,75,77,82,82
0,0,0,213,,,Cole Limbach,Bates B,14,703,78.1,77,78,79,81,78,80,79,77,74
1,1,1,213,29,4,Stella Emada Bestio,BINUS A,16,703,78.1,80,78,73,81,77,78,76,85,75
0,0,0,223,,,Ben Levy,Hart House C,14,702,78,77,78,77,79,78,77,79,79,78
0,0,0,223,,,Matt Karkowski,Clemson B,16,702,78,77,77,81,75,79,75,80,78,80
0,0,0,223,,,Dan Roberts,St Andrews A,13,702,78,76,84,76,75,78,82,76,76,79
0,0,0,223,,,Conor White,UCD LawSoc B,15,702,78,76,81,77,77,76,78,77,78,82
0,0,0,223,,,Jeremy Chen,TDS A,16,702,78,78,77,76,77,77,78,79,79,81
1,1,1,223,30,5,Jovan Petronijevic,PEP A,16,702,78,76,79,79,77,76,79,76,81,79
1,1,1,223,30,5,Willem Chua,BINUS A,16,702,78,78,78,75,82,76,79,76,84,74
0,0,0,223,,,Dylan Desjardins,Bates C,16,702,78,79,75,76,77,77,79,79,82,78
1,0,1,231,32,,Roy Schulman,HUJI A,17,701,77.9,72,76,78,77,79,75,79,83,82
1,0,1,231,32,,Gigi Gil,LEIDEN A,18,701,77.9,78,77,80,78,75,78,77,80,78
0,0,0,231,,,Elliot Porter,GUU B,12,701,77.9,78,78,79,78,77,78,81,78,74
1,0,1,231,32,,Mihai Morar,BBU A,17,701,77.9,75,78,79,76,77,76,80,79,81
0,0,0,231,,,Zoe Morgan,AUDS A,13,701,77.9,79,81,79,77,74,78,78,81,74
0,0,0,231,,,Jameel Manji,E.D.S A,16,701,77.9,80,74,79,79,75,76,78,78,82
0,0,0,231,,,Michael Pusic,CDS A,12,701,77.9,77,81,77,78,77,77,79,77,78
0,0,0,238,,,Talia Teplinsky,RRIS A,15,700,77.8,77,80,75,78,76,79,77,81,77
0,0,0,238,,,Kendall Shepherd,UNSW A,15,700,77.8,76,80,75,78,77,82,79,76,77
0,0,0,238,,,Joshua Cahill,UWADU B,14,700,77.8,78,79,78,77,78,78,77,77,78
1,0,1,238,35,,Willem Wilken,USDV A,14,700,77.8,80,75,78,76,79,78,80,76,78
0,0,0,238,,,Thomas Wong,UQDS A,16,700,77.8,80,73,77,81,77,78,80,78,76
0,0,0,238,,,Aspen Wang,Princeton B,16,700,77.8,75,76,79,80,76,77,80,80,77
1,0,1,238,35,,Vinodhan Kuppusamy,Malaya A,15,700,77.8,82,77,80,76,77,77,79,77,75
0,0,0,238,,,Jun Ping Lim,SMU A,16,700,77.8,77,78,80,77,76,75,77,78,82
0,0,0,238,,,Razzaq Fazail,LSE C,14,700,77.8,77,79,81,76,77,81,76,74,79
0,0,0,238,,,Alan Chan,UADS A,14,700,77.8,81,78,77,78,80,78,78,79,71
0,0,0,238,,,Joey Schnide,GWU B,16,700,77.8,74,77,77,77,78,79,78,78,82
0,0,0,238,,,Catherine Prasifka,TCD Hist A,15,700,77.8,77,75,77,78,76,81,80,79,77
0,0,0,238,,,Stepan Lavrouk,TCD Phil A,14,700,77.8,82,78,77,77,76,76,78,79,77
0,0,0,238,,,Christopher Costigan,TCD Phil A,14,700,77.8,85,78,77,78,76,77,76,78,75
0,0,0,238,,,Laura Hogan,UCD LawSoc B,15,700,77.8,78,80,78,76,75,76,77,77,83
1,1,1,253,37,7,Revaldi Nathanael Wirabuana,Indonesia A,15,699,77.7,79,77,74,81,77,77,77,80,77
0,0,0,253,,,Caroline Li,UBC A,15,699,77.7,80,75,76,79,77,74,78,78,82
0,0,0,253,,,Neil du Toit,USDV B,16,699,77.7,76,78,75,77,80,78,75,79,81
0,0,0,253,,,James Ward,McGill C,15,699,77.7,76,77,78,78,75,75,79,79,82
0,0,0,253,,,Reca Sarfati,Brown B,14,699,77.7,76,75,76,81,77,80,77,80,77
1,0,1,253,37,,Jang Seokwoo,YUU A,18,699,77.7,74,80,76,76,77,76,79,81,80
0,0,0,253,,,Beckie Thomas,St Andrews A,13,699,77.7,78,82,78,75,77,81,75,76,77
0,0,0,253,,,Colin Wu,NUS A,15,699,77.7,78,81,77,79,77,72,79,80,76
1,0,1,253,37,,Sooyoung Park,YUU A,18,699,77.7,75,76,76,76,78,77,80,78,83
0,0,0,262,,,Jack Kennedy,TCD Hist B,14,698,77.6,82,78,76,79,75,75,76,77,80
0,0,0,262,,,Frankie Orrico,AUDS A,13,698,77.6,80,79,79,75,74,79,77,80,75
1,0,1,262,40,,Amrit Agastia,Taylor's A,15,698,77.6,74,77,77,76,79,80,83,79,73
0,0,0,262,,,Virat Chopra,NTU A,15,698,77.6,79,79,77,75,76,80,75,82,75
0,0,0,262,,,John Macy,Alaska C,13,698,77.6,79,79,75,80,74,75,77,81,78
0,0,0,262,,,Emma Kinakin,UVic A,14,698,77.6,80,82,76,78,77,74,80,75,76
1,0,1,262,40,,Xinyue Wei,BLCU A,15,698,77.6,75,77,75,78,77,74,81,77,84
0,0,0,262,,,Naz Gocek,Stanford C,16,698,77.6,80,76,78,77,73,75,78,81,80
0,0,0,262,,,Parveen Kaur,SMU A,16,698,77.6,78,77,79,77,76,76,75,78,82
1,0,1,262,40,,Eric Onuoha,APU A,17,698,77.6,75,76,77,75,74,79,79,82,81
0,0,0,262,,,Kiana Saint-Macary,McGill A,17,698,77.6,75,80,77,79,74,76,78,78,81
0,0,0,262,,,Marina Shew,Clemson B,16,698,77.6,77,78,79,74,77,76,79,78,80
0,0,0,262,,,Emma Rose Wirshing,Cornell C,14,698,77.6,73,80,82,78,77,80,76,75,77
0,0,0,275,,,Freddie Marshall,Warwick A,15,697,77.4,77,80,77,78,77,78,76,81,73
0,0,0,275,,,Jordan Pfotenhauer,UCT B,15,697,77.4,81,76,73,74,76,82,75,79,81
1,1,1,275,43,8,Gabriel Charlotte Wajong,Indonesia A,15,697,77.4,77,77,76,79,76,76,79,80,77
0,0,0,275,,,Charlotte Gliserman,Vermont C,12,697,77.4,77,77,77,78,77,80,77,77,77
0,0,0,275,,,Athinangamso Nkopo,WDU A,16,697,77.4,76,76,84,74,76,82,72,73,84
0,0,0,275,,,Keith James,MAD C,15,697,77.4,76,76,77,77,80,77,76,83,75
0,0,0,281,,,Isaac Botham,E.D.S A,16,696,77.3,80,76,76,78,73,77,78,77,81
0,0,0,281,,,Georgia Bloor-Wilson,VUW B,14,696,77.3,78,79,79,79,75,71,75,78,82
1,0,1,281,44,,Patrick Cheang,Malaya A,15,696,77.3,82,76,78,77,76,77,78,76,76
0,0,0,281,,,Sam Maybee,St Andrews C,15,696,77.3,80,77,80,77,79,78,69,78,78
0,0,0,281,,,Izzat Arif,UT MARA B,13,696,77.3,80,79,77,74,79,76,76,74,81
0,0,0,281,,,Gillian Tiley,Vermont C,12,696,77.3,78,78,77,79,75,79,76,78,76
0,0,0,281,,,Mark Finn,TCD Phil B,15,696,77.3,77,77,75,78,79,78,77,77,78
0,0,0,288,,,Elizabeth Lee,Middlebury A,15,695,77.2,76,77,73,79,77,75,77,82,79
0,0,0,288,,,Ciara Mitchell,LSE C,14,695,77.2,78,78,78,76,75,79,76,75,80
0,0,0,288,,,Toni Mathers,ANU B,15,695,77.2,78,77,75,79,73,79,80,78,76
0,0,0,288,,,Sera Yun,KOREA A,15,695,77.2,79,76,79,77,80,73,76,77,78
0,0,0,288,,,Douglas Jack,GUU B,12,695,77.2,76,80,78,78,78,75,80,76,74
0,0,0,288,,,Aaron Schaffer-Neitz,CDS A,12,695,77.2,78,80,77,76,76,76,80,76,76
0,0,0,288,,,Robert Hockema,Alaska C,13,695,77.2,80,78,76,81,73,74,75,81,77
0,0,0,295,,,Rob Willoughby,UBC B,14,694,77.1,77,77,76,79,80,75,77,74,79
0,0,0,295,,,Matthew Gallagher,Carleton A,14,694,77.1,75,77,80,79,77,77,80,76,73
0,0,0,295,,,Subra Nara,SMU B,15,694,77.1,78,79,73,78,73,76,77,78,82
1,0,1,295,45,,Hendrik Wessels,USDV A,14,694,77.1,77,76,77,75,78,78,79,76,78
0,0,0,295,,,Tejaswini Krishnaprasad,Durham B,14,694,77.1,79,80,76,75,75,78,78,82,71
0,0,0,295,,,Keith Matier,Morehouse B,14,694,77.1,79,78,76,77,76,78,75,79,76
0,0,0,295,,,Benjamin Hewitt,SWORDS A,16,694,77.1,75,81,79,75,78,80,70,80,76
0,0,0,295,,,Nate Urban,Swarthmore C,15,694,77.1,74,77,78,78,78,79,77,77,76
0,0,0,295,,,Andrew Bempah,Stanford F,12,694,77.1,79,75,77,81,75,75,79,77,76
1,0,1,295,45,,Jiaqi Lan,BLCU A,15,694,77.1,75,76,76,76,77,75,79,79,81
1,0,1,295,45,,Abu Saleh Didar,D U A,14,694,77.1,77,77,80,77,75,77,74,80,77
0,0,0,295,,,Tanner Terry,CDS B,13,694,77.1,76,77,80,79,81,76,77,73,75
1,1,1,307,48,9,Shimon Nakayama,Keio B,13,693,77,76,74,76,73,76,77,81,81,79
1,1,1,307,48,10,Teodora Rešetar,Belgrade C,14,693,77,79,80,79,77,73,75,74,81,75
1,1,1,307,48,11,Miranda Shen Yan,SUFE B,15,693,77,75,76,74,73,77,75,79,84,80
0,0,0,307,,,Charles Lewis,UADS A,14,693,77,81,77,76,80,79,78,75,77,70
0,0,0,307,,,Ellie Markham,Durham C,12,693,77,77,78,75,76,76,80,76,78,77
0,0,0,307,,,Karl Ilpola,ANU B,15,693,77,76,76,77,79,73,80,79,77,76
0,0,0,307,,,Patrick Bell,SWORDS A,16,693,77,78,81,79,74,77,79,71,79,75
0,0,0,307,,,Dena Tabyanian,UBC A,15,693,77,78,75,76,79,76,75,79,76,79
1,0,1,315,51,,Katrin Fallmann,Warwick A,15,692,76.9,78,78,78,76,79,74,74,82,73
0,0,0,315,,,Connor Ahluwalia,Carleton A,14,692,76.9,76,78,78,80,76,78,80,75,71
0,0,0,315,,,Hamza Hashim,Swarthmore C,15,692,76.9,75,76,77,75,77,78,78,79,77
1,0,1,315,51,,Rawnak Zaheen Wasi,IBA DU A,14,692,76.9,75,76,76,81,74,78,81,78,73
0,0,0,315,,,Gillis Holgersson,St Andrews B,14,692,76.9,76,75,77,79,73,78,78,78,78
0,0,0,315,,,Isaac Hordiyuk,UVic A,14,692,76.9,78,81,76,76,76,75,79,74,77
0,0,0,315,,,Kara Meiring,USDV B,16,692,76.9,75,77,76,77,79,77,74,78,79
0,0,0,315,,,Pranav Shankar,Berkeley A,15,692,76.9,76,75,77,78,79,74,79,75,79
0,0,0,323,,,Charlotte Massey,Middlebury A,15,691,76.8,75,77,71,78,78,75,75,83,79
0,0,0,323,,,Garion Hicks,UBC B,14,691,76.8,74,79,77,80,79,74,76,75,77
1,0,1,323,53,,Yasin Shafi,D U A,14,691,76.8,79,76,79,77,75,76,75,78,76
0,0,0,323,,,Safwan Jalal,Cornell C,14,691,76.8,75,78,80,76,76,80,75,76,75
0,0,0,323,,,Isaac Zu,SMU B,15,691,76.8,76,78,75,78,74,73,76,78,83
0,0,0,323,,,Nik Venkatasubramanian,GWU B,16,691,76.8,74,76,76,77,76,78,77,78,79
0,0,0,323,,,Duncan Bowyer,St Andrews C,15,691,76.8,79,77,79,76,78,77,70,76,79
1,1,1,323,53,12,Konrad Gütschow,SKT A,15,691,76.8,79,76,78,77,74,77,77,80,73
0,0,0,323,,,Bronte Baker-Blake,Bard A,13,691,76.8,74,78,76,79,78,77,77,75,77
0,0,0,323,,,Shreya Marathe,TDS B,12,691,76.8,79,76,78,76,73,81,77,75,76
1,0,1,323,53,,Felice Wong,Taylor's A,15,691,76.8,73,76,76,76,77,79,83,77,74
1,0,1,323,53,,Tomas Kessl,HKU B,14,691,76.8,75,79,72,81,75,77,76,77,79
0,0,0,323,,,Connor Seddon,Otago B,13,691,76.8,77,77,77,75,72,78,82,78,75
1,0,1,336,57,,Olle Reberg,Lund A,13,690,76.7,76,78,75,75,78,75,79,80,74
0,0,0,336,,,Aisling Tully,UCD LnH A,11,690,76.7,77,75,79,75,74,76,80,79,75
0,0,0,336,,,Ali Ryan,FDS B,13,690,76.7,78,77,76,81,76,74,77,76,75
1,0,1,336,57,,Marc-André Schulz,DC Ms A,14,690,76.7,79,80,74,77,80,76,73,77,74
1,0,1,336,57,,Jee Soo Lee,HKU A,15,690,76.7,76,74,73,78,75,77,76,82,79
1,0,1,336,57,,Mashiat Rabbani,HKU A,15,690,76.7,75,75,73,79,74,79,77,80,78
1,0,1,336,57,,Ivan Velentey,HSE A,14,690,76.7,74,77,75,80,74,77,78,76,79
0,0,0,336,,,Nonhlanhla Masanabo,WDU A,16,690,76.7,75,76,79,73,75,81,73,75,83
0,0,0,336,,,Caley Henderson,Middlebury B,13,690,76.7,75,78,79,76,76,76,75,79,76
0,0,0,336,,,Luke Schwartzkopff,UCT B,15,690,76.7,78,75,73,74,73,80,77,81,79
1,0,1,336,57,,Guillaume Rocher,UdeM A,13,690,76.7,78,77,73,76,80,77,76,76,77
0,0,0,336,,,Rachel Sommers,CDS B,13,690,76.7,76,76,78,80,77,76,78,74,75
1,0,1,348,63,,Bogdan Morosanu,TUCN A,13,689,76.6,73,77,77,76,80,76,75,76,79
0,0,0,348,,,Peter Vicary,MAD D,15,689,76.6,74,80,73,74,78,75,78,79,78
0,0,0,348,,,Nicholas Liu,UChicago B,10,689,76.6,78,78,76,75,78,77,80,73,74
0,0,0,348,,,Davon Boyd,Morehouse A,13,689,76.6,79,78,76,77,76,76,75,78,74
0,0,0,348,,,Sarah McClellan,ASAFA A,16,689,76.6,73,77,76,78,74,76,78,81,76
1,1,1,348,63,13,Pandu Noer Umaro,BINUS B,15,689,76.6,76,73,76,77,77,78,75,82,75
0,0,0,348,,,Abigail Westberry,Bates D,14,689,76.6,75,76,79,76,74,78,75,78,78
0,0,0,348,,,Marcelle Meyer,FDS A,14,689,76.6,75,77,74,79,76,78,77,77,76
0,0,0,348,,,Keny Arcangeli,ANU C,12,689,76.6,76,76,79,78,75,77,78,74,76
0,0,0,348,,,Justin Roach,CUNY A,14,689,76.6,75,76,73,77,78,78,78,75,79
1,0,1,348,63,,Kazi Ashfaqul Huq,IBA DU A,14,689,76.6,73,77,78,78,71,78,80,80,74
1,1,1,359,66,14,Wieda Daesy Prameswari,BINUS B,15,688,76.4,75,75,74,77,79,79,74,80,75
0,0,0,359,,,Ryan Cenek,Amherst B,13,688,76.4,78,75,79,74,75,79,73,78,77
1,0,1,359,66,,Pini Witchner,IDC A,11,688,76.4,79,79,74,78,73,79,79,75,72
0,0,0,359,,,Finia Kuhlmann,Aberdeen A,14,688,76.4,76,72,80,74,74,75,75,81,81
1,0,1,359,66,,Radko Nedyalkov,UCL C,12,688,76.4,75,73,78,76,73,81,78,76,78
1,0,1,359,66,,Yaar Bach,IDC A,11,688,76.4,77,78,74,78,73,81,81,75,71
1,0,1,359,66,,SooJung (Sally) Lee,SolBridge A,10,688,76.4,80,74,74,78,77,77,78,74,76
0,0,0,359,,,Keita Kurita,Tokyo A,14,688,76.4,75,76,80,76,77,74,76,75,79
0,0,0,359,,,Trevor Colliton,CUNY A,14,688,76.4,75,76,69,76,77,79,79,77,80
1,1,1,359,66,15,Leonard Muenstermann,Tilbury A,12,688,76.4,75,77,74,75,76,75,82,79,75
1,0,1,359,66,,Miri Muntean,DKWien A,12,688,76.4,76,75,72,79,79,78,79,77,73
1,1,1,359,66,16,Hikari Tamura,Keio B,13,688,76.4,75,72,75,70,75,76,82,81,82
1,0,1,359,66,,Ayinde Sadiq,APU A,17,688,76.4,73,74,78,74,73,79,77,79,81
0,0,0,359,,,Khalil Waddell,Morehouse A,13,688,76.4,78,79,76,76,77,77,73,77,75
0,0,0,359,,,Doug Ottino,ASAFA A,16,688,76.4,74,76,74,77,75,76,77,81,78
0,0,0,359,,,Ria Mazumdar,TDS B,12,688,76.4,81,76,76,76,73,79,76,76,75
0,0,0,359,,,Jacklin Kwan,MDU A,13,688,76.4,76,76,75,74,78,75,78,80,76
0,0,0,359,,,Nkahiseng Ralepeli,UFS A,13,688,76.4,77,80,77,75,79,70,74,78,78
0,0,0,359,,,Allison Braithwaite,Duke B,11,688,76.4,76,75,79,79,77,76,72,78,76
0,0,0,359,,,John Templeton Kay,Berlin C,13,688,76.4,76,76,78,73,80,77,79,74,75
0,0,0,359,,,Kelsea Schulenberg,Clemson A,12,688,76.4,77,77,76,78,78,73,74,78,77
1,0,1,359,66,,Katharina Jansen,MDS A,13,688,76.4,77,77,78,75,77,77,75,77,75
0,0,0,359,,,Henry Weikel,Berkeley A,15,688,76.4,75,77,78,77,76,72,78,77,78
1,0,1,382,76,,Patrich Lozano,DLSU A,14,687,76.3,74,78,77,74,77,75,73,79,80
1,0,1,382,76,,Vinicius Maerschner Bremer,DKWien B,13,687,76.3,74,75,78,75,75,76,78,80,76
0,0,0,382,,,Ellen Hinkley,FDS A,14,687,76.3,74,75,76,77,76,78,77,77,77
0,0,0,382,,,Kelvin Ng,MAD D,15,687,76.3,74,79,74,74,79,76,76,79,76
1,0,1,382,76,,Josef Moscovici,RRIS B,12,687,76.3,76,76,79,78,77,75,77,77,72
0,0,0,382,,,Katherine Ziegler,Bates D,14,687,76.3,75,76,80,75,74,80,74,78,75
1,0,1,382,76,,Anna Vasylyeva,MDS A,13,687,76.3,77,79,77,75,75,76,77,76,75
1,0,1,382,76,,Matti Bryder,Lund B,14,687,76.3,77,75,77,77,78,76,75,74,78
0,0,0,382,,,Daeun Lee,KOREA A,15,687,76.3,77,75,77,75,79,73,75,79,77
0,0,0,391,,,Juliette Barnes,UCD LnH A,11,686,76.2,78,75,77,75,77,76,77,78,73
0,0,0,391,,,Corina Minden-Birkenmaier,FDS B,13,686,76.2,77,76,75,79,77,75,77,77,73
1,1,1,391,81,17,Aryanda Putra Tony,EDS UGM A,12,686,76.2,75,77,77,77,78,76,75,77,74
0,0,0,391,,,Luke Kosky,BRIS A,13,686,76.2,76,78,75,76,76,74,79,75,77
1,0,1,391,81,,Christoph Sass,DC Ms A,14,686,76.2,78,80,74,76,79,76,73,79,71
0,0,0,391,,,Abhi Kulgod,Stanford F,12,686,76.2,76,75,78,79,75,73,78,76,76
1,1,1,391,81,18,"Choy Man Kei, Florence",UMacau A,14,686,76.2,76,76,77,76,76,74,75,78,78
0,0,0,391,,,Kenny Loke,UChicago B,10,686,76.2,77,78,76,75,77,77,80,73,73
1,0,1,391,81,,Kayra güler,Koç A,12,686,76.2,76,76,73,76,77,79,77,75,77
0,0,0,391,,,Maura Buchanan,Aberdeen A,14,686,76.2,75,71,79,74,75,75,76,80,81
0,0,0,401,,,Andrew Sy,NEU B,12,685,76.1,75,73,77,80,78,77,73,77,75
1,0,1,401,85,,Dovi Dubin,HUJI B,14,685,76.1,75,72,78,76,79,79,73,73,80
1,0,1,401,85,,Li Kun,UMacau A,14,685,76.1,76,76,76,76,75,75,76,77,78
1,1,1,401,85,19,Antonio Fabregat,Comillas A,13,685,76.1,76,77,75,76,77,75,79,74,76
1,1,1,401,85,20,Simatupang Noel,EDS UGM B,11,685,76.1,76,73,75,80,80,75,76,77,73
0,0,0,401,,,Tanner Long,ULV A,13,685,76.1,78,71,76,77,76,78,78,75,76
0,0,0,401,,,Hannah Speed,Durham C,12,685,76.1,76,78,73,75,76,77,75,77,78
1,0,1,401,85,,Acca Kwai Ching Sum,CUHKEDT A,14,685,76.1,74,76,74,74,77,77,77,77,79
0,0,0,401,,,Rachael Savage,Clemson A,12,685,76.1,79,76,77,78,78,74,72,74,77
0,0,0,401,,,Nathan Hernandez,USMA A,11,685,76.1,81,79,76,77,79,75,74,72,72
0,0,0,401,,,Syed Abbas Shah,Amherst B,13,685,76.1,77,75,78,75,75,78,72,77,78
1,0,1,412,90,,King Lun Yeung,CUHKEDT A,14,684,76,75,75,74,73,78,75,77,77,80
0,0,0,412,,,Jack Nordell,ASAFA B,13,684,76,72,75,77,72,81,74,79,76,78
0,0,0,412,,,Chris Abraham,Sodales A,14,684,76,77,76,75,75,76,77,75,77,76
0,0,0,412,,,Benjamin Welton,Duke B,11,684,76,76,74,78,77,76,76,72,79,76
0,0,0,412,,,Parnian (Penny) Sadeghi,St Andrews B,14,684,76,78,75,75,78,71,77,76,77,77
1,0,1,412,90,,Oskar Lif,Lund A,13,684,76,75,76,77,73,77,77,78,77,74
1,1,1,412,90,21,Philipp Schirmer,SKT A,15,684,76,78,75,77,77,74,78,75,78,72
1,0,1,412,90,,Dariusch Klett,DKWien B,13,684,76,74,77,77,75,73,75,77,80,76
0,0,0,412,,,Dennis Su,NEU B,12,684,76,74,73,79,75,79,78,75,76,75
1,0,1,421,94,,Anda Prunea,BBU B,11,683,75.9,78,76,75,76,75,76,76,76,75
1,0,1,421,94,,Varia Ostrovscky,BGU A,11,683,75.9,75,79,76,76,75,78,76,76,72
0,0,0,421,,,Zola Valashiya,UFS A,13,683,75.9,76,79,77,75,79,70,75,76,76
1,0,1,421,94,,Xenia Burghelea,BBU B,11,683,75.9,76,78,75,76,76,77,75,75,75
0,0,0,421,,,John Lutz,UChicago A,14,683,75.9,76,74,72,76,78,76,75,79,77
0,0,0,421,,,George Goddard,Durham B,14,683,75.9,78,77,76,74,75,77,75,80,71
1,0,1,421,94,,Jelte Schievels,Utrecht A,12,683,75.9,80,75,74,77,72,76,76,76,77
0,0,0,421,,,Aline Fleetwood,Stockholm A,12,683,75.9,74,77,77,76,76,75,77,76,75
0,0,0,421,,,Emma Nichelsen,WSDU A,11,683,75.9,73,78,78,75,75,76,79,75,74
1,0,1,421,94,,Raluca Vacaru,UCL C,12,683,75.9,74,72,80,75,75,78,76,75,78
0,0,0,421,,,Sarthak Agrawal,UChicago C,14,683,75.9,77,78,74,77,74,76,76,77,74
1,0,1,421,94,,Elaye Karstadt,HUJI B,14,683,75.9,74,72,79,75,80,78,69,75,81
0,0,0,421,,,Adil Abdulla,Hart House B,15,683,75.9,77,73,75,73,75,76,76,79,79
0,0,0,421,,,Kandin Maraquin,ULV A,13,683,75.9,77,70,77,76,76,78,77,76,76
1,0,1,435,100,,Miguel Rabago,DLSU A,14,682,75.8,72,77,76,73,76,74,75,79,80
1,1,1,435,100,22,Aldila Irsyad,EDS UGM A,12,682,75.8,73,76,77,78,79,76,72,77,74
0,0,0,435,,,Sarah Vickers,MDU A,13,682,75.8,76,76,72,73,79,74,77,80,75
0,0,0,435,,,Bruce Weaver,Imperial A,14,682,75.8,75,70,72,78,77,76,78,80,76
0,0,0,435,,,Ceryndipity Schoel,Middlebury B,13,682,75.8,73,77,78,74,77,75,75,78,75
0,0,0,435,,,Lucy Russell,BRIS A,13,682,75.8,75,77,77,76,75,73,77,74,78
0,0,0,435,,,Gordon Cheung,Imperial A,14,682,75.8,74,69,73,76,77,75,82,79,77
1,1,1,442,102,23,Dhanny Lazuardi,EDS UGM B,11,681,75.7,74,72,74,81,80,74,77,76,73
1,0,1,442,102,,Maxime Comtois,UdeM A,13,681,75.7,75,76,73,78,79,77,72,75,76
1,0,1,442,102,,Danil Kustin,HSE A,14,681,75.7,75,76,74,78,73,76,78,74,77
1,1,1,442,102,24,Javier De la Puerta,Comillas A,13,681,75.7,73,75,76,76,76,75,79,75,76
0,0,0,442,,,Alek Ebbeling,McGill D,10,681,75.7,76,75,77,76,75,77,74,76,75
1,0,1,442,102,,Danielle Klinger,BGU A,11,681,75.7,75,78,76,77,76,76,75,76,72
1,1,1,448,107,25,Anna Dotsenko,Bauman A,12,680,75.6,77,75,74,75,73,78,76,79,73
1,0,1,448,107,,Chikara Mizokami,Tokyo A,14,680,75.6,74,77,80,76,75,71,75,74,78
1,0,1,448,107,,Bogdan Gliga,TUCN A,13,680,75.6,72,76,74,76,80,74,75,76,77
0,0,0,448,,,Taylor Murray,HWS A,12,680,75.6,74,74,74,77,76,77,73,78,77
0,0,0,448,,,James Richardson,ANU C,12,680,75.6,74,73,78,80,74,77,78,72,74
1,0,1,448,107,,Jonathan Shapira,BGU B,13,680,75.6,76,79,76,74,77,79,73,72,74
1,0,1,448,107,,Daglar Ozkan,Koç A,12,680,75.6,74,77,75,74,77,78,76,75,74
1,0,1,455,112,,Calyxx Peucker,ZUD A,13,679,75.4,77,73,75,77,74,73,78,77,75
0,0,0,455,,,Ryan Murphy,ASAFA B,13,679,75.4,70,75,75,72,80,74,79,75,79
1,0,1,455,112,,Yee Chun Cheng,HKU B,14,679,75.4,73,76,74,77,74,77,77,75,76
0,0,0,455,,,Dillon Burke,USMA A,11,679,75.4,78,79,75,75,78,74,74,72,74
0,0,0,455,,,Samuel Schwartz-Horney,Brandeis B,12,679,75.4,73,75,77,78,75,79,79,73,70
1,1,1,455,112,26,Zoe Sandle,Tilbury B,11,679,75.4,71,73,79,79,74,72,77,78,76
0,0,0,455,,,Arianna Israel,NYU LY A,13,679,75.4,76,69,78,80,78,67,75,78,78
1,0,1,455,112,,Mehdi Tomas,ECP A,11,679,75.4,79,71,71,79,73,78,78,75,75
0,0,0,455,,,Keegan Burrow,Otago B,13,679,75.4,74,75,76,75,73,77,77,79,73
1,1,1,464,116,27,Zhengqi Zhu,Titech A,11,678,75.3,77,76,76,73,76,74,75,76,75
1,0,1,464,116,,Pieter van der Veere,Utrecht A,12,678,75.3,79,75,73,74,71,76,79,77,74
0,0,0,464,,,Henry Howe,Sodales A,14,678,75.3,74,75,73,73,78,75,77,77,76
0,0,0,464,,,Alice Yue,McGill D,10,678,75.3,77,75,75,75,74,78,74,76,74
1,1,1,464,116,27,Ela Jurko,Zagreb A,11,678,75.3,76,74,77,78,69,75,75,76,78
0,0,0,464,,,Aurelia Abena Attipoe,UoG A,13,678,75.3,81,72,73,75,76,75,73,75,78
1,0,1,464,116,,Sam Qiyu Lin,SUFE A,13,678,75.3,75,74,80,74,73,76,78,71,77
1,0,1,464,116,,Asif Mehedi,NSU A,15,678,75.3,72,75,74,76,74,72,79,73,83
0,0,0,464,,,Sarah Osuna,ULV B,11,678,75.3,74,75,76,80,72,78,72,75,76
0,0,0,464,,,Leah Block,NYU LY A,13,678,75.3,74,70,79,78,80,67,74,78,78
0,0,0,474,,,Andrew Olivares,WSDU A,11,677,75.2,71,77,77,74,72,76,81,75,74
1,0,1,474,121,,Jonas Huggins,Berlin A,11,677,75.2,77,79,74,78,77,71,74,74,73
1,0,1,474,121,,louis honee,LEIDEN D,13,677,75.2,74,74,75,76,74,77,75,75,77
1,1,1,474,121,29,Aleksandr Zhuravlev,Bauman A,12,677,75.2,75,74,72,77,74,78,76,77,74
1,0,1,478,124,,Faizan Raja,LLC A,12,676,75.1,77,76,74,71,75,76,74,77,76
1,0,1,478,124,,Hernan Rosenblum,BGU B,13,676,75.1,75,77,76,77,77,78,73,70,73
1,0,1,478,124,,Isabelle Smit,NWU-PUKKE A,9,676,75.1,76,79,74,77,78,77,68,73,74
0,0,0,478,,,Jonathan Goldman,Brandeis B,12,676,75.1,72,76,77,77,75,78,78,73,70
0,0,0,478,,,Oliver May,Inner A,11,676,75.1,70,75,79,78,76,75,75,73,75
1,0,1,478,124,,Duan Craffert,NWU-PUKKE A,9,676,75.1,74,77,75,76,77,76,73,73,75
1,0,1,478,124,,Samuel Scheuer,DCBayreuth A,11,676,75.1,75,76,73,76,78,76,75,75,72
0,0,0,478,,,Katherine Shen,UChicago A,14,676,75.1,75,72,73,78,78,74,76,78,72
1,0,1,478,124,,Tamane Sasaki,Waseda B,13,676,75.1,76,70,69,79,72,79,78,77,76
1,0,1,478,124,,Mariella De la Cruz Taboada,UAM A,10,676,75.1,76,76,74,77,76,79,75,71,72
0,0,0,478,,,Prince Asamoah,UoG A,13,676,75.1,79,70,78,74,75,75,72,74,79
0,0,0,478,,,Zachary Lemonides,UChicago C,14,676,75.1,76,78,72,78,72,76,75,77,72
1,1,1,478,124,30,Magzhan Sovetbek,Nazarbayev A,10,676,75.1,78,75,74,72,75,73,74,81,74
1,1,1,491,132,31,Masahiro Hayashi,Titech A,11,675,75,77,75,75,70,77,76,73,77,75
0,0,0,491,,,Valtteri Walldén,Stockholm A,12,675,75,72,75,77,74,76,74,76,75,76
1,0,1,491,132,,Frederick Aly,Berlin A,11,675,75,76,79,76,78,74,71,73,75,73
1,1,1,491,132,31,Jiaxin Li,BFSU A,11,675,75,73,75,73,80,75,74,79,74,72
1,1,1,491,132,33,Tomoko Yagasaki,Tokyo B,13,675,75,71,68,73,76,76,78,78,75,80
1,0,1,491,132,,Moritz Altner,Berlin B,11,675,75,73,72,72,74,76,78,84,72,74
1,0,1,491,132,,Minjun Park,SolBridge A,10,675,75,77,74,73,75,76,75,77,74,74
1,0,1,491,132,,Miraz Murshed Rahman,NSU A,15,675,75,71,76,73,75,74,73,78,74,81
1,0,1,499,139,,Konrad Kiljan,Warsaw C,13,674,74.9,76,74,75,74,75,73,76,74,77
1,0,1,499,139,,Mehboob Khan,LLC A,12,674,74.9,79,75,73,70,74,77,75,76,75
1,1,1,499,139,34,Evelyn Setiani,BIPEDS A,12,674,74.9,75,74,75,74,78,72,75,77,74
0,0,0,499,,,Junmo Cheon,KHDS A,10,674,74.9,74,78,73,75,74,76,72,75,77
0,0,0,499,,,Minji Kim,SNUDA A,12,674,74.9,76,76,75,70,71,72,79,76,79
1,1,1,499,139,35,Kristi Ardiana,Indonesia B,13,674,74.9,71,75,76,76,72,74,76,76,78
1,0,1,499,139,,Julian Vaterrodt,BDS A,12,674,74.9,77,75,74,72,76,74,78,74,74
1,0,1,499,139,,Johannes Volkmann,ZUD A,13,674,74.9,78,74,74,76,71,73,78,76,74
0,0,0,499,,,Grayson Logue,TKC A,12,674,74.9,71,72,76,75,74,78,78,75,75
0,0,0,508,,,Meaghan McHenry,ULV B,11,673,74.8,72,75,75,81,69,78,73,75,75
1,1,1,508,145,36,Ayaka Watanabe,Tokyo B,13,673,74.8,74,66,71,79,79,76,77,73,78
1,0,1,508,145,,Saima Alam,BUET A,11,673,74.8,68,77,78,78,73,74,74,78,73
0,0,0,508,,,Fanhao Yang,Amherst A,9,673,74.8,72,77,76,76,77,75,76,71,73
1,0,1,508,145,,Jenni Juvonen,Tampere A,13,673,74.8,76,80,70,77,78,72,72,69,79
0,0,0,508,,,Haley Giunta,HWS B,12,673,74.8,78,75,72,77,76,77,69,75,74
1,1,1,508,145,37,Calvin Chen,ITB A,14,673,74.8,72,77,73,74,75,78,73,78,73
1,0,1,508,145,,Alwin Bakker,MDS B,9,673,74.8,75,77,73,73,80,74,76,76,69
1,1,1,508,145,38,Agnes Putri,Tilbury A,12,673,74.8,72,74,73,75,75,74,80,77,73
1,0,1,508,145,,Aditya Vaibhav Gupta,HKUST EDT A,10,673,74.8,74,76,72,76,73,78,75,74,75
1,0,1,518,152,,Muhammad Zain Raza,TAMUQ A,10,672,74.7,75,73,74,72,76,76,78,75,73
1,1,1,518,152,39,Verónica Araceli Lira Ortiz,Tec CEM A,10,672,74.7,75,75,73,76,73,73,77,78,72
1,1,1,518,152,40,Jinting Liu,SUFE B,15,672,74.7,73,73,70,71,76,73,76,83,77
0,0,0,518,,,Raphael Hill,CardiffUni A,11,672,74.7,75,74,70,77,73,75,78,70,80
1,0,1,518,152,,Frederike Holewik,Berlin B,11,672,74.7,74,69,71,75,76,77,83,74,73
1,0,1,518,152,,Erfanul Hoque,BUET A,11,672,74.7,69,76,77,77,71,74,75,79,74
0,0,0,518,,,Tom Redgrave,UoB A,13,672,74.7,72,72,75,76,77,74,71,79,76
0,0,0,518,,,Jaime Casigay,E.D.S B,12,672,74.7,73,76,70,78,70,77,75,76,77
0,0,0,518,,,Himmi Cheruvu,MQU B,11,672,74.7,74,79,74,79,74,71,72,74,75
0,0,0,518,,,Mahirah Marzuki,UT MARA C,11,672,74.7,74,74,72,74,77,76,77,73,75
1,0,1,518,152,,Talha Wani,DRUMS B,13,672,74.7,71,73,74,76,76,76,79,76,71
1,0,1,518,152,,Mateusz Wójtowicz,Warsaw B,10,672,74.7,73,72,75,75,76,75,75,79,72
1,1,1,530,159,41,M Haris Zamaludin Setiadiputra,IPB A,12,671,74.6,73,72,68,75,73,77,78,77,78
1,0,1,530,159,,Tom Pouw,ASDV A,9,671,74.6,75,71,79,73,75,76,75,75,72
1,0,1,530,159,,Asif Hossain,IBA DU B,12,671,74.6,74,75,74,73,68,78,76,78,75
1,0,1,530,159,,Lovro Šprem,Zagreb A,11,671,74.6,76,74,79,77,69,71,74,73,78
1,1,1,530,159,42,Simon Sällström,Lund B,14,671,74.6,75,78,76,73,72,74,74,73,76
1,0,1,530,159,,jihyeon bae,KHDS A,10,671,74.6,70,78,75,75,73,77,72,75,76
1,1,1,530,159,43,Robin Mesarosch,Berlin C,13,671,74.6,74,74,76,72,78,75,77,72,73
0,0,0,530,,,Eoghan Finn,NUIG A,10,671,74.6,77,75,72,74,80,76,75,77,65
1,0,1,530,159,,Wei Rujia,HKUST EDT B,9,671,74.6,76,73,73,75,77,73,76,75,73
0,0,0,539,,,Audrey Cooper,TKC A,12,670,74.4,73,71,77,74,72,76,77,76,74
0,0,0,539,,,Aion Feehan,ECP A,11,670,74.4,76,73,70,81,73,74,75,73,75
1,1,1,539,167,44,Rubén Sánchez,Tec CEM B,12,670,74.4,72,77,72,75,75,74,75,73,77
0,0,0,539,,,Alex Deam,UoB A,13,670,74.4,70,73,75,76,78,74,70,80,74
0,0,0,539,,,Farhanaz Farheen,BUET B,12,670,74.4,74,75,72,72,74,71,81,75,76
1,1,1,539,167,45,Manyi Li,BFSU A,11,670,74.4,71,74,74,78,76,73,78,74,72
1,1,1,539,167,45,Artem Korchemsky,Tilbury B,11,670,74.4,70,74,80,77,72,73,76,75,73
1,0,1,539,167,,Katarina Kuzman,DKWien C,12,670,74.4,77,72,76,72,77,74,70,76,76
1,0,1,539,167,,Kyung Tak Woo,Tec CEM B,12,670,74.4,72,77,72,74,74,73,76,75,77
1,0,1,539,167,,Nathania Engelhardt,wdebating A,12,670,74.4,75,76,74,74,70,75,72,77,77
1,1,1,539,167,47,Chen Guo,SUFE A,13,670,74.4,75,72,78,72,74,75,79,70,75
1,1,1,539,167,48,Mateusz Marciniak,Krakow A,11,670,74.4,74,69,72,77,76,74,74,79,75
1,0,1,539,167,,Tom Geukemeijer,LEIDEN D,13,670,74.4,71,74,74,75,75,76,75,75,75
1,1,1,539,167,49,Shuhei Funasugi,Kyoto A,12,670,74.4,77,72,72,71,73,74,80,77,74
1,1,1,539,167,49,Myat Moe Khaing,IBA DU B,12,670,74.4,74,75,73,73,67,80,75,78,75
1,1,1,539,167,51,Sabine Wilke,SKT B,10,670,74.4,72,76,75,75,74,75,73,75,75
0,0,0,539,,,Amanda Ngo,HWS A,12,670,74.4,75,73,72,74,74,76,73,77,76
1,1,1,539,167,52,Yosephine Gita Asaria Hutauruk,ITB A,14,670,74.4,71,76,73,73,75,77,72,79,74
1,1,1,539,167,53,Andrijana Kulezic,arts A,10,670,74.4,73,72,73,68,75,77,79,77,76
1,1,1,539,167,53,Azat Gabdolla,Nazarbayev A,10,670,74.4,78,74,72,70,75,73,75,81,72
0,0,0,539,,,Anneliese Cooper,MQU B,11,670,74.4,75,80,74,78,73,70,72,73,75
1,0,1,560,182,,Joona Suhonen,Aalto A,9,669,74.3,75,77,75,73,72,75,74,79,69
1,1,1,560,182,55,Jessica Andriani Liong,Indonesia B,13,669,74.3,70,76,75,76,72,74,74,75,77
0,0,0,560,,,Majid Al-Ansari,TAMUQ A,10,669,74.3,72,73,72,73,75,76,77,76,75
0,0,0,560,,,Grace Marshall,HWS B,12,669,74.3,76,74,72,77,75,76,68,77,74
0,0,0,560,,,Amina Kunnummal,WCM A,11,669,74.3,72,76,71,76,76,72,76,74,76
1,1,1,560,182,56,Marius Hobbhahn,SKT B,10,669,74.3,72,77,77,75,74,75,73,76,70
0,0,0,560,,,Mohammad Iqbal Had,UT MARA C,11,669,74.3,74,74,70,75,77,74,76,74,75
1,1,1,560,182,57,Kohei Toba,Waseda B,13,669,74.3,76,72,69,77,72,75,77,76,75
1,1,1,560,182,58,Anna Rachwal,Warsaw A,8,669,74.3,78,73,72,79,74,72,73,75,73
0,0,0,560,,,Kail Crystal Cagang Cheng,HKCityU A,10,669,74.3,73,75,74,73,74,77,75,76,72
0,0,0,570,,,Danielle Movsowitz,Technion A,11,668,74.2,78,73,77,69,74,78,67,77,75
1,1,1,570,187,59,Yosifebi Ramadhani,BIPEDS A,12,668,74.2,74,74,75,73,77,72,74,76,73
1,1,1,570,187,60,Nathalia Isaza Ibarra,Rosario A,13,668,74.2,76,72,72,77,71,76,72,76,76
0,0,0,570,,,Do Hyung Shin,SNUDA A,12,668,74.2,76,75,75,70,70,71,78,75,78
0,0,0,570,,,Faria Ahmed,E.D.S B,12,668,74.2,73,76,70,77,69,75,74,77,77
1,1,1,570,187,61,Hana Muraoka,Kyoto A,12,668,74.2,76,69,74,74,72,75,79,76,73
1,0,1,570,187,,Syed Kasim Masood,DRUMS B,13,668,74.2,72,75,74,73,75,75,78,77,69
1,1,1,577,191,62,Bruno da Costa Santos,SdDUP A,11,667,74.1,76,75,76,69,79,73,71,75,73
1,0,1,577,191,,Magdalena Wąwoźna,Warsaw B,10,667,74.1,71,73,75,74,75,75,74,77,73
1,1,1,577,191,63,Charlie Sanjaya,IPB A,12,667,74.1,73,73,68,74,73,76,76,76,78
0,0,0,577,,,Cleo Reyes,WCM A,11,667,74.1,73,77,73,74,74,71,74,74,77
0,0,0,577,,,Jan-Henrik Hinselmann,DCGA A,12,667,74.1,75,73,74,72,78,73,78,71,73
1,1,1,577,191,64,Irene Miguelsanz Villanueva,UAM A,10,667,74.1,73,75,75,76,73,77,75,73,70
1,0,1,577,191,,Md Towhidur Rahman,BUET B,12,667,74.1,74,75,73,72,74,70,79,75,75
1,0,1,577,191,,Ingo Bandhauer,DKWien A,12,667,74.1,76,73,72,76,78,75,76,74,67
0,0,0,577,,,David Zhang,Amherst A,9,667,74.1,71,79,76,75,75,74,75,69,73
1,0,1,577,191,,Chang Hwa Hong,HKUST EDT A,10,667,74.1,72,75,72,75,72,76,77,73,75
1,0,1,577,191,,Zeno Glastra van Loon,ASDV A,9,667,74.1,74,70,78,74,76,75,73,74,73
1,1,1,588,199,65,Tom Ohtsuka,Keio A,11,666,74,75,78,75,72,71,69,77,77,72
1,1,1,588,199,65,Masaya Harata,Nagoya A,11,666,74,72,76,70,74,75,75,79,71,74
0,0,0,588,,,Jack Williams,UoN A,10,666,74,78,75,76,76,74,71,75,69,72
0,0,0,588,,,Tyler Whitney,NorthwestU A,11,666,74,74,76,75,75,77,67,73,77,72
0,0,0,588,,,Jennifer Hibberts,Clemson C,10,666,74,74,78,75,73,76,74,70,73,73
1,1,1,588,199,67,Aigerim Shadeyeva,Nazarbayev B,13,666,74,72,75,72,74,72,72,75,76,78
1,0,1,588,199,,Rosie Halmi,RRIS B,12,666,74,74,74,75,77,71,75,75,75,70
1,1,1,588,199,68,Febryan Pratama,STIPRam A,12,666,74,74,75,72,75,64,79,78,73,76
1,1,1,596,204,69,Koji Imai,Nagoya A,11,665,73.9,71,72,75,75,75,76,78,71,72
1,1,1,596,204,70,Mariana Morales,Tec CEM A,10,665,73.9,71,75,74,77,73,73,75,75,72
1,1,1,596,204,71,Tolga Bayrak,GSU A,12,665,73.9,68,76,73,72,75,75,76,77,73
0,0,0,596,,,Moussa Zekak,CMUQ A,9,665,73.9,73,78,75,73,75,65,79,75,72
1,0,1,596,204,,Aljosa Slamersak,wdebating A,12,665,73.9,72,75,76,76,72,72,71,74,77
1,1,1,596,204,72,Lin Mao,FDU A,10,665,73.9,74,76,71,72,74,75,75,77,71
1,1,1,596,204,73,kasumi Nogawa,Keio A,11,665,73.9,73,79,75,72,73,69,77,75,72
0,0,0,603,,,Calan Eskandar,CardiffUni A,11,664,73.8,72,72,72,75,74,74,81,69,75
1,0,1,603,210,,Andreas Kenny Oktavius,HKUST EDT B,9,664,73.8,74,75,72,73,75,72,77,74,72
1,1,1,603,210,74,Leiditya Naristi,Brawijaya A,12,664,73.8,74,74,76,75,69,72,72,76,76
0,0,0,603,,,Michael Wright,WSDU B,9,664,73.8,75,73,74,79,76,70,72,74,71
1,1,1,603,210,75,Łukasz Bartoszcze,Krakow A,11,664,73.8,72,68,73,74,77,74,75,78,73
0,0,0,603,,,Leuven Ming,SIM A,10,664,73.8,73,74,76,76,75,75,76,70,69
1,0,1,603,210,,Paul Reiter,DKWien C,12,664,73.8,76,72,76,72,74,73,69,78,74
1,1,1,603,210,76,Konrad Klincewicz,Warsaw A,8,664,73.8,76,73,73,78,73,71,71,75,74
0,0,0,603,,,John Henry Murdy,Clemson C,10,664,73.8,73,75,74,73,76,73,71,73,76
0,0,0,603,,,Areeb Sherwani,Sheff A,10,664,73.8,75,75,77,74,73,64,76,77,73
0,0,0,603,,,Johnny Nguyen,WSDU B,9,664,73.8,75,72,73,77,75,70,74,76,72
0,0,0,614,,,Mark Taylor,Inner A,11,663,73.7,70,73,76,77,75,74,75,73,70
1,1,1,614,215,77,Damla Çay,GSU A,12,663,73.7,69,77,71,72,75,75,76,73,75
1,0,1,614,215,,Itay Nourian,OpenU A,12,663,73.7,78,76,72,72,72,71,76,79,67
1,1,1,617,217,78,Hugo Volz Oliveira,SdDUP A,11,662,73.6,74,74,77,70,78,73,69,76,71
1,1,1,617,217,79,Tomislav Grgurev,SDU A,9,662,73.6,76,71,74,73,74,70,76,76,72
1,1,1,617,217,80,Alexander Osterkorn,DCGA A,12,662,73.6,74,69,75,74,76,73,78,70,73
0,0,0,617,,,Shai Gazit,Technion A,11,662,73.6,77,73,76,71,73,76,66,76,74
1,1,1,617,217,80,Muhammad Afdhal Anugrah Abdillah,Brawijaya A,12,662,73.6,75,72,75,74,68,72,71,78,77
1,0,1,617,217,,Sebastian Chudek,BDS A,12,662,73.6,75,72,72,71,74,74,75,74,75
1,0,1,617,217,,Nozipho Makhanda,A U A,9,662,73.6,76,75,70,76,70,74,72,74,75
1,0,1,617,217,,Matthew Machera,A U B,9,662,73.6,73,72,76,69,73,75,73,78,73
1,0,1,625,224,,Katarzyna Krzywicka,Warsaw C,13,661,73.4,74,70,77,72,72,74,72,74,76
0,0,0,625,,,Madison Edwards,GODS A,10,661,73.4,73,72,71,77,73,73,72,74,76
0,0,0,625,,,Divyesh Daswani,SIM A,10,661,73.4,74,74,75,77,74,73,76,70,68
1,1,1,625,224,82,Revian Wirabuana,PCU A,9,661,73.4,72,75,75,74,71,74,75,76,69
0,0,0,625,,,Jess Pearce,Sheff A,10,661,73.4,75,75,75,75,74,66,77,76,68
1,0,1,625,224,,Frederic Augustin,MDS B,9,661,73.4,75,77,72,72,75,73,76,74,67
1,0,1,631,227,,Martin Brennecke,DCBayreuth A,11,660,73.3,71,78,77,75,73,72,73,70,71
0,0,0,631,,,Hari Krishna,CMUQ A,9,660,73.3,72,76,75,75,75,66,75,75,71
1,0,1,631,227,,Yi Dong,FDU B,12,660,73.3,70,70,65,76,72,75,78,79,75
1,1,1,631,227,83,Zvonimir Kuzmanic,SDU A,9,660,73.3,74,73,75,72,75,69,74,76,72
1,1,1,631,227,84,Yingjun Wei,CUPB A,8,660,73.3,75,74,70,74,74,78,71,72,72
1,0,1,636,231,,Kazuma Tadakoshi,Waseda A,8,659,73.2,72,76,73,71,74,69,73,75,76
1,1,1,636,231,85,Dauren Binazarov,Nazarbayev B,13,659,73.2,72,74,71,72,70,72,76,75,77
1,1,1,636,231,86,LUCKY NOVIA Ekawati,STIPRam A,12,659,73.2,73,73,71,74,64,79,76,72,77
1,1,1,636,231,87,Diego Fernando Duarte Leal,Rosario A,13,659,73.2,75,71,71,76,70,74,71,75,76
0,0,0,636,,,Viruben Nandakumar,UoN A,10,659,73.2,77,75,73,77,73,71,73,68,72
1,1,1,636,231,88,Aleksandra Mihajlovic,Singidunum A,9,659,73.2,72,72,76,74,74,69,74,77,71
0,0,0,636,,,Inga Macingwane,UFH A,11,659,73.2,76,73,67,73,77,72,71,75,75
1,1,1,643,236,89,Danica Panic,Singidunum A,9,658,73.1,71,75,76,74,73,70,73,76,70
0,0,0,644,,,Laura Murray,NUIG A,10,657,73,77,72,67,73,79,75,73,76,65
1,0,1,644,237,,Chomunogwa Mazarire,A U B,9,657,73,73,70,75,68,72,76,74,76,73
0,0,0,646,,,Akeela Marin,UWI MONA A,10,656,72.9,70,75,77,74,73,71,79,68,69
1,1,1,646,238,90,Jeanne Sanjaya,PCU A,9,656,72.9,71,74,74,75,72,72,77,75,66
0,0,0,646,,,Dimity Thoms,GODS A,10,656,72.9,73,69,71,74,72,73,72,75,77
0,0,0,646,,,Guillaume Bernard,UdeS A,9,656,72.9,75,73,68,76,76,71,70,77,70
0,0,0,646,,,Lemuel Daher,NorthwestU A,11,656,72.9,73,75,72,75,75,66,73,76,71
1,0,1,646,238,,Huijun Mao,FDU B,12,656,72.9,71,69,65,74,72,76,76,78,75
0,0,0,646,,,Kaelyn Sabal-Wilson,LLA A,7,656,72.9,69,76,72,74,74,77,73,71,70
1,0,1,653,240,,Josh Azriel Madzivanyika,A U A,9,655,72.8,75,74,73,74,69,73,71,73,73
1,0,1,653,240,,Juho Alasalmi,Tampere A,13,655,72.8,74,77,70,76,71,69,71,70,77
0,0,0,653,,,Jevon Henry,UWI MONA A,10,655,72.8,71,75,77,73,76,71,76,68,68
0,0,0,653,,,Lydia Papageorgiou-George,DEREE A,8,655,72.8,72,74,72,72,70,71,73,76,75
1,0,1,657,242,,Keisuke Mizutani,Waseda A,8,654,72.7,72,74,73,72,72,70,72,75,74
1,1,1,657,242,91,Erika Martinez,PUCP A,10,654,72.7,73,72,68,74,74,74,75,68,76
1,1,1,657,242,92,Kun He,CUPB A,8,654,72.7,73,73,70,75,75,76,71,71,70
1,1,1,660,245,93,Claudia Silva,U.LISBON A,8,653,72.6,72,77,72,69,73,75,72,69,74
1,1,1,660,245,94,Mehmet Turan Bayraktar,GSU B,9,653,72.6,72,73,73,71,73,74,67,74,76
1,1,1,660,245,95,Gloria Kuppler,DCB A,10,653,72.6,77,73,71,73,70,68,76,74,71
1,1,1,660,245,95,Mario Alexis Hernando Cubas,PUCP A,10,653,72.6,74,70,68,75,73,75,77,67,74
1,0,1,664,249,,Efe Arıcan,BOGUN A,12,652,72.4,66,72,76,73,72,68,77,75,73
1,1,1,664,249,97,Chyngyz Ibraimov,KSAL A,10,652,72.4,76,68,74,69,75,67,77,72,74
1,1,1,664,249,97,Johannes Meiborg,DCB A,10,652,72.4,76,74,70,75,71,65,75,75,71
1,1,1,667,252,99,Alex Markowitsch,Kiel A,11,651,72.3,74,71,70,65,75,72,75,76,73
1,1,1,667,252,100,Ye Ding,FDU A,10,651,72.3,70,75,71,70,71,72,76,76,70
1,0,1,669,254,,Shmuel Satat,OpenU A,12,650,72.2,78,74,70,71,70,72,73,77,65
0,0,0,669,,,Kendra Dawson,LLA A,7,650,72.2,67,74,72,72,74,77,71,72,71
0,0,0,669,,,Nicolaus Da Silva,HKCityU A,10,650,72.2,72,72,73,71,72,75,71,73,71
1,0,1,672,255,,Aino Tuohimaa,Aalto A,9,649,72.1,73,75,72,71,70,74,72,75,67
0,0,0,672,,,Mark Graydon,NUIG B,10,649,72.1,72,67,74,74,70,71,74,68,79
1,1,1,672,255,101,Luis Cerda,UCV B,7,649,72.1,71,74,66,69,75,74,75,72,73
0,0,0,672,,,Kevonne Martin,UWI MONA B,7,649,72.1,77,72,70,74,69,74,71,72,70
1,1,1,676,257,102,Tania Pataia,U.LISBON A,8,648,72,71,75,73,69,73,73,73,67,74
0,0,0,676,,,Ben Becker,Point Loma A,10,648,72,72,72,67,74,74,71,71,77,70
0,0,0,676,,,Aneeq Sarwar,FCC A,8,648,72,74,72,70,71,68,70,73,76,74
1,1,1,676,257,103,Nadira Masiumova,KSAL A,10,648,72,73,66,72,70,74,67,77,75,74
1,0,1,680,259,,Shreya Joshi,KU Nepal A,9,647,71.9,72,65,74,72,68,73,76,75,72
0,0,0,680,,,Jason Anderson,Point Loma A,10,647,71.9,70,74,67,72,75,70,74,76,69
0,0,0,680,,,Roshelle Pinnock,UTECH B,9,647,71.9,72,67,68,73,72,73,75,76,71
0,0,0,683,,,Charles Frost,UTECH B,9,646,71.8,69,68,70,71,75,74,73,76,70
0,0,0,683,,,Daniela Mayorga,Rosario B,8,646,71.8,68,66,75,71,71,77,75,73,70
1,1,1,685,260,104,Álvaro Ortega,UCO A,6,645,71.7,70,73,73,74,68,69,74,74,70
1,0,1,686,261,,Beatriz de León Cobo,UFV A,8,644,71.6,68,72,74,70,74,69,69,75,73
1,1,1,686,261,105,Metin Anıl YİĞİT,GSU B,9,644,71.6,66,74,71,71,72,75,66,74,75
0,0,0,688,,,Adenike McDonald,UTECH A,8,643,71.4,67,72,69,74,73,70,73,73,72
1,1,1,688,263,106,Hongkyeong Kim,DAE A,7,643,71.4,66,72,68,70,76,72,74,73,72
0,0,0,688,,,Kimberley Brown,UWI MONA B,7,643,71.4,77,73,69,73,68,71,73,70,69
0,0,0,688,,,Osman Aka,BOGUN A,12,643,71.4,67,73,74,68,70,66,76,75,74
1,1,1,688,263,107,Thomas Maybach,Kiel A,11,643,71.4,74,71,69,64,74,71,74,76,70
1,1,1,693,265,108,Francesco Castiglione,UCV A,7,642,71.3,70,72,69,76,68,73,68,73,73
1,1,1,693,265,109,Laura Martinez,Rosario B,8,642,71.3,69,64,74,72,70,75,74,73,71
1,1,1,693,265,110,Milos Tanasic,arts A,10,642,71.3,64,70,71,67,73,75,75,73,74
1,0,1,693,265,,Yolanda Gonzalez,UFV A,8,642,71.3,70,72,73,70,73,70,70,73,71
1,1,1,697,269,111,Jiwon Kim,DAE A,7,641,71.2,67,71,66,69,76,73,73,72,74
1,1,1,697,269,112,LONG Tianyu,NUDT A,8,641,71.2,70,71,70,72,66,72,78,72,70
1,0,1,697,269,,Esbeidy Torres Hondal,Tec CEM C,8,641,71.2,76,68,74,72,69,68,75,70,69
1,1,1,700,272,113,Shotaro Tsunoda,Kyushu A,5,640,71.1,75,72,71,70,66,72,72,75,67
1,1,1,700,272,114,Maria Corredor,UCV B,7,640,71.1,68,73,66,69,75,72,72,71,74
0,0,0,702,,,Patrice Minto,UTECH A,8,639,71,66,72,72,73,73,69,74,72,68
1,1,1,702,274,115,Yohei Inoue,Kyushu A,5,639,71,72,79,71,70,68,70,70,73,66
0,0,0,702,,,Gonzalo Herreros,UCO A,6,639,71,68,73,74,70,70,70,72,73,69
1,0,1,702,274,,Simon Bouthillier,UdeS A,9,639,71,73,70,67,72,74,70,68,76,69
0,0,0,706,,,Zulfaqqar Asyraf bin Marzuki,Tokai A,4,638,70.9,69,72,70,73,67,75,72,72,68
1,1,1,706,276,116,Baruch Ávila Mendoza,Tec CEM C,8,638,70.9,78,67,71,73,69,67,73,72,68
0,0,0,706,,,sibulele ngozi,UFH A,11,638,70.9,75,73,63,66,74,67,69,74,77
0,0,0,709,,,Alaaeldin Elsayed,WCM B,5,637,70.8,70,73,78,68,70,67,71,70,70
0,0,0,709,,,Shahryar Rana,WCM B,5,637,70.8,70,74,74,72,70,66,71,70,70
1,1,1,709,277,117,ZHANG Bo wen,NUDT A,8,637,70.8,71,69,71,68,66,70,79,72,71
1,0,1,712,278,,Narayan Kadariya,Tribhuvan A,5,635,70.6,71,70,73,68,69,74,76,69,65
1,0,1,713,279,,Pradeepta Adhikari,Tribhuvan A,5,634,70.4,74,65,73,70,68,72,74,71,67
0,0,0,714,,,Dayyan Adoor,WCM C,7,632,70.2,76,70,68,66,69,68,70,76,69
1,1,1,714,280,118,Chihro Saito,Hit-u B,8,632,70.2,72,72,73,70,68,72,67,73,65
1,0,1,716,281,,Abhik Pant,KU Nepal A,9,631,70.1,68,66,73,70,67,70,72,74,71
1,1,1,717,282,119,Megumi Takahashi,Kyoto B,8,629,69.9,71,72,73,68,71,62,64,74,74
0,0,0,718,,,Darragh O'Donovan,NUIG B,10,628,69.8,72,65,72,76,62,65,71,67,78
1,0,1,719,283,,Shayan Shaukat,FCC A,8,627,69.7,72,71,67,70,67,64,71,73,72
0,0,0,719,,,Irfan Helmy,WCM C,7,627,69.7,75,70,65,68,71,66,70,76,66
1,1,1,721,284,120,Shuhei Kosaka,Kyoto B,8,626,69.6,71,70,72,68,74,62,63,72,74
1,1,1,722,285,121,Tatsuya Shirai,Tokai A,4,625,69.4,66,70,68,69,67,77,71,70,67
1,0,1,723,286,,Yuki Kono,OCAD A,6,624,69.3,66,65,72,72,74,64,73,71,67
1,1,1,723,286,122,Hisayo Ohtomo,OCAD A,6,624,69.3,68,66,71,70,75,62,75,70,67
1,1,1,725,288,123,Riky Pahlepi Saputra,UMB A,6,620,68.9,66,64,68,65,70,68,74,73,72
1,1,1,725,288,123,Doriyush Soliev,MSU BD A,6,620,68.9,69,70,63,71,67,68,68,72,72
1,1,1,727,290,125,Yuji Masumura,Hit-u B,8,619,68.8,70,70,71,70,69,70,69,72,58
1,1,1,727,290,126,Marianna Ibañez,UCV A,7,619,68.8,67,70,68,73,62,68,73,67,71
1,1,1,730,292,127,Bonu Hafizova,MSU BD A,6,612,68,65,68,61,69,68,67,69,72,73
1,1,1,731,293,128,Muhammad Rizqi Rianto,UMB A,6,611,67.9,64,66,66,64,70,68,70,73,70